{"cameraMode":{"drawMode":0,"name":"Shaded","section":"Shading Mode"},"sceneLighting":true,"audioPlay":false,"sceneViewState":{"showFog":true,"showMaterialUpdate":true,"showSkybox":true,"showFlares":true,"showImageEffects":true,"showParticleSystems":true},"in2DMode":false,"pivot":{"x":-5.239277362823486,"y":-2.573446273803711,"z":0.9933650493621826},"rotation":{"x":0.15197519958019257,"y":-0.7457152009010315,"z":0.18201476335525514,"w":0.6226426959037781},"size":15.37105941772461,"orthographic":false}