{"cameraMode":{"drawMode":0,"name":"Shaded","section":"Shading Mode"},"sceneLighting":true,"audioPlay":false,"sceneViewState":{"showFog":true,"showMaterialUpdate":true,"showSkybox":true,"showFlares":true,"showImageEffects":true,"showParticleSystems":true},"in2DMode":false,"pivot":{"x":-5.916090965270996,"y":1.8958261013031006,"z":-0.088554248213768},"rotation":{"x":0.05770836025476456,"y":-0.7064283490180969,"z":0.05798601359128952,"w":0.7030429840087891},"size":7.266881465911865,"orthographic":false}