{"cameraMode":{"drawMode":0,"name":"Shaded","section":"Shading Mode"},"sceneLighting":true,"audioPlay":false,"sceneViewState":{"showFog":true,"showMaterialUpdate":true,"showSkybox":true,"showFlares":true,"showImageEffects":true,"showParticleSystems":true},"in2DMode":false,"pivot":{"x":-5.00235652923584,"y":0.5117762088775635,"z":-0.5870153307914734},"rotation":{"x":0.047067537903785709,"y":-0.6989787817001343,"z":0.04619906097650528,"w":0.7120986580848694},"size":11.438140869140625,"orthographic":false}