{"cameraMode":{"drawMode":0,"name":"Shaded","section":"Shading Mode"},"sceneLighting":true,"audioPlay":false,"sceneViewState":{"showFog":true,"showMaterialUpdate":true,"showSkybox":true,"showFlares":true,"showImageEffects":true,"showParticleSystems":true},"in2DMode":false,"pivot":{"x":0.39065027236938479,"y":2.544816017150879,"z":-0.9249057769775391},"rotation":{"x":0.057621315121650699,"y":-0.707482099533081,"z":0.05807251110672951,"w":0.7019825577735901},"size":5.5489115715026859,"orthographic":false}