{"cameraMode":{"drawMode":0,"name":"Shaded","section":"Shading Mode"},"sceneLighting":true,"audioPlay":false,"sceneViewState":{"showFog":true,"showMaterialUpdate":true,"showSkybox":true,"showFlares":true,"showImageEffects":true,"showParticleSystems":true},"in2DMode":false,"pivot":{"x":-5.618287086486816,"y":-1.137662410736084,"z":-0.008729197084903717},"rotation":{"x":0.15002597868442536,"y":-0.6379399299621582,"z":0.12858641147613526,"w":0.7443054914474487},"size":17.79159927368164,"orthographic":false}