{"cameraMode":{"drawMode":0,"name":"Shaded","section":"Shading Mode"},"sceneLighting":true,"audioPlay":false,"sceneViewState":{"showFog":true,"showMaterialUpdate":true,"showSkybox":true,"showFlares":true,"showImageEffects":true,"showParticleSystems":true},"in2DMode":false,"pivot":{"x":-3.03556227684021,"y":2.195605993270874,"z":5.1900129318237309},"rotation":{"x":0.013004067353904248,"y":-0.4983023405075073,"z":0.007475140038877726,"w":0.866874635219574},"size":7.114867210388184,"orthographic":false}