{"cameraMode":{"drawMode":0,"name":"Shaded","section":"Shading Mode"},"sceneLighting":true,"audioPlay":false,"sceneViewState":{"showFog":true,"showMaterialUpdate":false,"showSkybox":true,"showFlares":true,"showImageEffects":true,"showParticleSystems":true},"in2DMode":false,"pivot":{"x":-0.13275718688964845,"y":1.5497939586639405,"z":-2.781507968902588},"rotation":{"x":-0.006303246598690748,"y":0.9914604425430298,"z":-0.0524073988199234,"w":-0.11924692988395691},"size":10.198873519897461,"orthographic":false}